[
{
  "model": "admin.logentry",
  "pk": 1,
  "fields": {
    "action_time": "2026-06-19T13:46:52.905Z",
    "user": 1,
    "content_type": 6,
    "object_id": "1",
    "object_repr": "luigi prandello",
    "action_flag": 1,
    "change_message": "[{\"added\": {}}]"
  }
},
{
  "model": "admin.logentry",
  "pk": 2,
  "fields": {
    "action_time": "2026-06-19T13:47:07.742Z",
    "user": 1,
    "content_type": 6,
    "object_id": "2",
    "object_repr": "italo calvino",
    "action_flag": 1,
    "change_message": "[{\"added\": {}}]"
  }
},
{
  "model": "admin.logentry",
  "pk": 3,
  "fields": {
    "action_time": "2026-06-19T13:48:40.749Z",
    "user": 1,
    "content_type": 11,
    "object_id": "1",
    "object_repr": "il fu mattia pascal",
    "action_flag": 1,
    "change_message": "[{\"added\": {}}]"
  }
},
{
  "model": "admin.logentry",
  "pk": 4,
  "fields": {
    "action_time": "2026-06-22T12:04:47.109Z",
    "user": 1,
    "content_type": 7,
    "object_id": "1",
    "object_repr": "il fu mattia pascal - COP001",
    "action_flag": 1,
    "change_message": "[{\"added\": {}}]"
  }
},
{
  "model": "admin.logentry",
  "pk": 5,
  "fields": {
    "action_time": "2026-06-22T12:54:47.246Z",
    "user": 1,
    "content_type": 6,
    "object_id": "2",
    "object_repr": "italo calvino",
    "action_flag": 3,
    "change_message": ""
  }
},
{
  "model": "admin.logentry",
  "pk": 6,
  "fields": {
    "action_time": "2026-06-22T12:54:47.246Z",
    "user": 1,
    "content_type": 6,
    "object_id": "1",
    "object_repr": "luigi prandello",
    "action_flag": 3,
    "change_message": ""
  }
},
{
  "model": "admin.logentry",
  "pk": 7,
  "fields": {
    "action_time": "2026-06-22T12:54:57.573Z",
    "user": 1,
    "content_type": 7,
    "object_id": "1",
    "object_repr": "il fu mattia pascal - COP001",
    "action_flag": 3,
    "change_message": ""
  }
},
{
  "model": "admin.logentry",
  "pk": 8,
  "fields": {
    "action_time": "2026-06-22T12:55:09.382Z",
    "user": 1,
    "content_type": 11,
    "object_id": "1",
    "object_repr": "il fu mattia pascal",
    "action_flag": 3,
    "change_message": ""
  }
},
{
  "model": "admin.logentry",
  "pk": 9,
  "fields": {
    "action_time": "2026-06-22T12:58:32.376Z",
    "user": 1,
    "content_type": 6,
    "object_id": "3",
    "object_repr": "alessandro manzoni",
    "action_flag": 1,
    "change_message": "[{\"added\": {}}]"
  }
},
{
  "model": "admin.logentry",
  "pk": 10,
  "fields": {
    "action_time": "2026-06-22T12:58:54.330Z",
    "user": 1,
    "content_type": 6,
    "object_id": "4",
    "object_repr": "Dante Alighieri",
    "action_flag": 1,
    "change_message": "[{\"added\": {}}]"
  }
},
{
  "model": "admin.logentry",
  "pk": 11,
  "fields": {
    "action_time": "2026-06-22T12:59:14.833Z",
    "user": 1,
    "content_type": 6,
    "object_id": "5",
    "object_repr": "Umberto eco",
    "action_flag": 1,
    "change_message": "[{\"added\": {}}]"
  }
},
{
  "model": "admin.logentry",
  "pk": 12,
  "fields": {
    "action_time": "2026-06-22T12:59:31.114Z",
    "user": 1,
    "content_type": 6,
    "object_id": "6",
    "object_repr": "Italo calvino",
    "action_flag": 1,
    "change_message": "[{\"added\": {}}]"
  }
},
{
  "model": "admin.logentry",
  "pk": 13,
  "fields": {
    "action_time": "2026-06-22T12:59:49.731Z",
    "user": 1,
    "content_type": 6,
    "object_id": "7",
    "object_repr": "Luigi Pirandello",
    "action_flag": 1,
    "change_message": "[{\"added\": {}}]"
  }
},
{
  "model": "admin.logentry",
  "pk": 14,
  "fields": {
    "action_time": "2026-06-22T13:00:07.151Z",
    "user": 1,
    "content_type": 6,
    "object_id": "8",
    "object_repr": "Giovanni Verga",
    "action_flag": 1,
    "change_message": "[{\"added\": {}}]"
  }
},
{
  "model": "admin.logentry",
  "pk": 15,
  "fields": {
    "action_time": "2026-06-22T13:00:21.726Z",
    "user": 1,
    "content_type": 6,
    "object_id": "9",
    "object_repr": "Primo Levi",
    "action_flag": 1,
    "change_message": "[{\"added\": {}}]"
  }
},
{
  "model": "admin.logentry",
  "pk": 16,
  "fields": {
    "action_time": "2026-06-22T13:00:43.443Z",
    "user": 1,
    "content_type": 6,
    "object_id": "10",
    "object_repr": "Giacomo Leopardi",
    "action_flag": 1,
    "change_message": "[{\"added\": {}}]"
  }
},
{
  "model": "admin.logentry",
  "pk": 17,
  "fields": {
    "action_time": "2026-06-22T13:01:01.602Z",
    "user": 1,
    "content_type": 6,
    "object_id": "11",
    "object_repr": "Elsa morante",
    "action_flag": 1,
    "change_message": "[{\"added\": {}}]"
  }
},
{
  "model": "admin.logentry",
  "pk": 18,
  "fields": {
    "action_time": "2026-06-22T13:01:30.635Z",
    "user": 1,
    "content_type": 6,
    "object_id": "12",
    "object_repr": "Alberto Moravia",
    "action_flag": 1,
    "change_message": "[{\"added\": {}}]"
  }
},
{
  "model": "admin.logentry",
  "pk": 19,
  "fields": {
    "action_time": "2026-06-22T13:02:31.366Z",
    "user": 1,
    "content_type": 11,
    "object_id": "2",
    "object_repr": "I Promessi Sposi",
    "action_flag": 1,
    "change_message": "[{\"added\": {}}]"
  }
},
{
  "model": "admin.logentry",
  "pk": 20,
  "fields": {
    "action_time": "2026-06-22T13:03:08.122Z",
    "user": 1,
    "content_type": 11,
    "object_id": "3",
    "object_repr": "La Divina Commedia",
    "action_flag": 1,
    "change_message": "[{\"added\": {}}]"
  }
},
{
  "model": "admin.logentry",
  "pk": 21,
  "fields": {
    "action_time": "2026-06-22T13:03:52.070Z",
    "user": 1,
    "content_type": 11,
    "object_id": "4",
    "object_repr": "Il nome della rosa",
    "action_flag": 1,
    "change_message": "[{\"added\": {}}]"
  }
},
{
  "model": "admin.logentry",
  "pk": 22,
  "fields": {
    "action_time": "2026-06-22T13:04:26.511Z",
    "user": 1,
    "content_type": 11,
    "object_id": "5",
    "object_repr": "Le cosmicomiche",
    "action_flag": 1,
    "change_message": "[{\"added\": {}}]"
  }
},
{
  "model": "admin.logentry",
  "pk": 23,
  "fields": {
    "action_time": "2026-06-22T13:04:55.857Z",
    "user": 1,
    "content_type": 11,
    "object_id": "6",
    "object_repr": "Il fu Mattia Pascal",
    "action_flag": 1,
    "change_message": "[{\"added\": {}}]"
  }
},
{
  "model": "admin.logentry",
  "pk": 24,
  "fields": {
    "action_time": "2026-06-22T13:05:21.679Z",
    "user": 1,
    "content_type": 11,
    "object_id": "7",
    "object_repr": "I Malavoglia",
    "action_flag": 1,
    "change_message": "[{\"added\": {}}]"
  }
},
{
  "model": "admin.logentry",
  "pk": 25,
  "fields": {
    "action_time": "2026-06-22T13:05:47.429Z",
    "user": 1,
    "content_type": 11,
    "object_id": "8",
    "object_repr": "Se questo è un uomo",
    "action_flag": 1,
    "change_message": "[{\"added\": {}}]"
  }
},
{
  "model": "admin.logentry",
  "pk": 26,
  "fields": {
    "action_time": "2026-06-22T13:06:14.920Z",
    "user": 1,
    "content_type": 11,
    "object_id": "9",
    "object_repr": "Canti",
    "action_flag": 1,
    "change_message": "[{\"added\": {}}]"
  }
},
{
  "model": "admin.logentry",
  "pk": 27,
  "fields": {
    "action_time": "2026-06-22T13:06:48.746Z",
    "user": 1,
    "content_type": 11,
    "object_id": "10",
    "object_repr": "La storia",
    "action_flag": 1,
    "change_message": "[{\"added\": {}}]"
  }
},
{
  "model": "admin.logentry",
  "pk": 28,
  "fields": {
    "action_time": "2026-06-22T13:07:18.159Z",
    "user": 1,
    "content_type": 11,
    "object_id": "11",
    "object_repr": "Gli indifferenti",
    "action_flag": 1,
    "change_message": "[{\"added\": {}}]"
  }
},
{
  "model": "admin.logentry",
  "pk": 29,
  "fields": {
    "action_time": "2026-06-22T13:12:18.249Z",
    "user": 1,
    "content_type": 7,
    "object_id": "2",
    "object_repr": "I Promessi Sposi - COP001",
    "action_flag": 1,
    "change_message": "[{\"added\": {}}]"
  }
},
{
  "model": "admin.logentry",
  "pk": 30,
  "fields": {
    "action_time": "2026-06-22T13:12:26.824Z",
    "user": 1,
    "content_type": 7,
    "object_id": "3",
    "object_repr": "I Promessi Sposi - COP002",
    "action_flag": 1,
    "change_message": "[{\"added\": {}}]"
  }
},
{
  "model": "admin.logentry",
  "pk": 31,
  "fields": {
    "action_time": "2026-06-22T13:12:32.749Z",
    "user": 1,
    "content_type": 7,
    "object_id": "4",
    "object_repr": "La Divina Commedia - COP0010",
    "action_flag": 1,
    "change_message": "[{\"added\": {}}]"
  }
},
{
  "model": "admin.logentry",
  "pk": 32,
  "fields": {
    "action_time": "2026-06-22T13:12:38.992Z",
    "user": 1,
    "content_type": 7,
    "object_id": "5",
    "object_repr": "Il nome della rosa - COP0015",
    "action_flag": 1,
    "change_message": "[{\"added\": {}}]"
  }
},
{
  "model": "admin.logentry",
  "pk": 33,
  "fields": {
    "action_time": "2026-06-22T13:12:45.417Z",
    "user": 1,
    "content_type": 7,
    "object_id": "6",
    "object_repr": "Le cosmicomiche - COP0017",
    "action_flag": 1,
    "change_message": "[{\"added\": {}}]"
  }
},
{
  "model": "admin.logentry",
  "pk": 34,
  "fields": {
    "action_time": "2026-06-22T13:12:56.736Z",
    "user": 1,
    "content_type": 7,
    "object_id": "7",
    "object_repr": "Il fu Mattia Pascal - COP003",
    "action_flag": 1,
    "change_message": "[{\"added\": {}}]"
  }
},
{
  "model": "admin.logentry",
  "pk": 35,
  "fields": {
    "action_time": "2026-06-22T13:13:02.128Z",
    "user": 1,
    "content_type": 7,
    "object_id": "8",
    "object_repr": "I Malavoglia - COP0013",
    "action_flag": 1,
    "change_message": "[{\"added\": {}}]"
  }
},
{
  "model": "admin.logentry",
  "pk": 36,
  "fields": {
    "action_time": "2026-06-22T13:13:08.713Z",
    "user": 1,
    "content_type": 7,
    "object_id": "9",
    "object_repr": "Se questo è un uomo - COP0019",
    "action_flag": 1,
    "change_message": "[{\"added\": {}}]"
  }
},
{
  "model": "admin.logentry",
  "pk": 37,
  "fields": {
    "action_time": "2026-06-22T13:13:13.734Z",
    "user": 1,
    "content_type": 7,
    "object_id": "10",
    "object_repr": "Canti - COP0020",
    "action_flag": 1,
    "change_message": "[{\"added\": {}}]"
  }
},
{
  "model": "admin.logentry",
  "pk": 38,
  "fields": {
    "action_time": "2026-06-22T13:13:19.881Z",
    "user": 1,
    "content_type": 7,
    "object_id": "11",
    "object_repr": "La storia - COP005",
    "action_flag": 1,
    "change_message": "[{\"added\": {}}]"
  }
},
{
  "model": "admin.logentry",
  "pk": 39,
  "fields": {
    "action_time": "2026-06-22T13:13:26.823Z",
    "user": 1,
    "content_type": 7,
    "object_id": "12",
    "object_repr": "Gli indifferenti - COP0018",
    "action_flag": 1,
    "change_message": "[{\"added\": {}}]"
  }
},
{
  "model": "admin.logentry",
  "pk": 40,
  "fields": {
    "action_time": "2026-06-22T13:13:34.935Z",
    "user": 1,
    "content_type": 7,
    "object_id": "13",
    "object_repr": "La Divina Commedia - COP0030",
    "action_flag": 1,
    "change_message": "[{\"added\": {}}]"
  }
},
{
  "model": "admin.logentry",
  "pk": 41,
  "fields": {
    "action_time": "2026-06-22T13:13:43.915Z",
    "user": 1,
    "content_type": 7,
    "object_id": "14",
    "object_repr": "Il fu Mattia Pascal - COP0040",
    "action_flag": 1,
    "change_message": "[{\"added\": {}}]"
  }
},
{
  "model": "admin.logentry",
  "pk": 42,
  "fields": {
    "action_time": "2026-06-22T13:13:52.492Z",
    "user": 1,
    "content_type": 7,
    "object_id": "15",
    "object_repr": "Canti - COP0031",
    "action_flag": 1,
    "change_message": "[{\"added\": {}}]"
  }
},
{
  "model": "admin.logentry",
  "pk": 43,
  "fields": {
    "action_time": "2026-06-22T13:14:00.407Z",
    "user": 1,
    "content_type": 7,
    "object_id": "16",
    "object_repr": "La storia - COP009",
    "action_flag": 1,
    "change_message": "[{\"added\": {}}]"
  }
},
{
  "model": "admin.logentry",
  "pk": 44,
  "fields": {
    "action_time": "2026-06-22T13:15:41.506Z",
    "user": 1,
    "content_type": 16,
    "object_id": "3",
    "object_repr": " ",
    "action_flag": 1,
    "change_message": "[{\"added\": {}}]"
  }
},
{
  "model": "admin.logentry",
  "pk": 45,
  "fields": {
    "action_time": "2026-06-22T13:16:53.749Z",
    "user": 1,
    "content_type": 16,
    "object_id": "4",
    "object_repr": " ",
    "action_flag": 1,
    "change_message": "[{\"added\": {}}]"
  }
},
{
  "model": "admin.logentry",
  "pk": 46,
  "fields": {
    "action_time": "2026-06-22T13:23:50.413Z",
    "user": 1,
    "content_type": 16,
    "object_id": "5",
    "object_repr": " ",
    "action_flag": 1,
    "change_message": "[{\"added\": {}}]"
  }
},
{
  "model": "admin.logentry",
  "pk": 47,
  "fields": {
    "action_time": "2026-06-22T13:24:53.192Z",
    "user": 1,
    "content_type": 16,
    "object_id": "5",
    "object_repr": "mario rosso",
    "action_flag": 2,
    "change_message": "[{\"changed\": {\"fields\": [\"First name\", \"Last name\", \"Email address\"]}}]"
  }
},
{
  "model": "admin.logentry",
  "pk": 48,
  "fields": {
    "action_time": "2026-06-22T13:25:14.443Z",
    "user": 1,
    "content_type": 16,
    "object_id": "4",
    "object_repr": "giovanni de gennaro",
    "action_flag": 2,
    "change_message": "[{\"changed\": {\"fields\": [\"First name\", \"Last name\"]}}]"
  }
},
{
  "model": "admin.logentry",
  "pk": 49,
  "fields": {
    "action_time": "2026-06-22T13:25:25.571Z",
    "user": 1,
    "content_type": 16,
    "object_id": "3",
    "object_repr": "mario rossi",
    "action_flag": 2,
    "change_message": "[{\"changed\": {\"fields\": [\"First name\", \"Last name\"]}}]"
  }
},
{
  "model": "admin.logentry",
  "pk": 50,
  "fields": {
    "action_time": "2026-06-22T13:25:34.147Z",
    "user": 1,
    "content_type": 16,
    "object_id": "1",
    "object_repr": "Samuele De Simone",
    "action_flag": 2,
    "change_message": "[{\"changed\": {\"fields\": [\"First name\", \"Last name\"]}}]"
  }
},
{
  "model": "admin.logentry",
  "pk": 51,
  "fields": {
    "action_time": "2026-06-22T13:26:14.966Z",
    "user": 1,
    "content_type": 13,
    "object_id": "2",
    "object_repr": "Prestito Il fu Mattia Pascal - COP003 a mario rossi",
    "action_flag": 1,
    "change_message": "[{\"added\": {}}]"
  }
},
{
  "model": "admin.logentry",
  "pk": 52,
  "fields": {
    "action_time": "2026-06-22T13:26:28.026Z",
    "user": 1,
    "content_type": 13,
    "object_id": "3",
    "object_repr": "Prestito Canti - COP0031 a Samuele De Simone",
    "action_flag": 1,
    "change_message": "[{\"added\": {}}]"
  }
},
{
  "model": "admin.logentry",
  "pk": 53,
  "fields": {
    "action_time": "2026-06-22T13:26:44.437Z",
    "user": 1,
    "content_type": 12,
    "object_id": "1",
    "object_repr": "raffaele (di fiore)",
    "action_flag": 1,
    "change_message": "[{\"added\": {}}]"
  }
},
{
  "model": "admin.logentry",
  "pk": 54,
  "fields": {
    "action_time": "2026-06-22T13:26:54.503Z",
    "user": 1,
    "content_type": 12,
    "object_id": "2",
    "object_repr": "giovann (carducci)",
    "action_flag": 1,
    "change_message": "[{\"added\": {}}]"
  }
},
{
  "model": "admin.logentry",
  "pk": 55,
  "fields": {
    "action_time": "2026-06-22T13:26:58.415Z",
    "user": 1,
    "content_type": 12,
    "object_id": "2",
    "object_repr": "giovann (carducci)",
    "action_flag": 2,
    "change_message": "[]"
  }
},
{
  "model": "admin.logentry",
  "pk": 56,
  "fields": {
    "action_time": "2026-06-22T13:27:05.949Z",
    "user": 1,
    "content_type": 12,
    "object_id": "2",
    "object_repr": "giovanni (carducci)",
    "action_flag": 2,
    "change_message": "[{\"changed\": {\"fields\": [\"Nome\"]}}]"
  }
},
{
  "model": "admin.logentry",
  "pk": 57,
  "fields": {
    "action_time": "2026-06-22T13:27:10.471Z",
    "user": 1,
    "content_type": 12,
    "object_id": "1",
    "object_repr": "raffaele (di fiore)",
    "action_flag": 2,
    "change_message": "[{\"changed\": {\"fields\": [\"Responsabile\"]}}]"
  }
},
{
  "model": "admin.logentry",
  "pk": 58,
  "fields": {
    "action_time": "2026-06-22T13:28:00.615Z",
    "user": 1,
    "content_type": 16,
    "object_id": "6",
    "object_repr": " ",
    "action_flag": 1,
    "change_message": "[{\"added\": {}}]"
  }
},
{
  "model": "admin.logentry",
  "pk": 59,
  "fields": {
    "action_time": "2026-06-22T13:28:28.564Z",
    "user": 1,
    "content_type": 16,
    "object_id": "6",
    "object_repr": "giuseppe bianchi",
    "action_flag": 2,
    "change_message": "[{\"changed\": {\"fields\": [\"First name\", \"Last name\", \"Email address\", \"Staff status\"]}}]"
  }
},
{
  "model": "admin.logentry",
  "pk": 60,
  "fields": {
    "action_time": "2026-06-22T13:28:41.249Z",
    "user": 1,
    "content_type": 16,
    "object_id": "7",
    "object_repr": " ",
    "action_flag": 1,
    "change_message": "[{\"added\": {}}]"
  }
},
{
  "model": "admin.logentry",
  "pk": 61,
  "fields": {
    "action_time": "2026-06-22T13:29:00.404Z",
    "user": 1,
    "content_type": 16,
    "object_id": "7",
    "object_repr": "daniele granata",
    "action_flag": 2,
    "change_message": "[{\"changed\": {\"fields\": [\"First name\", \"Last name\", \"Email address\", \"Staff status\"]}}]"
  }
},
{
  "model": "admin.logentry",
  "pk": 62,
  "fields": {
    "action_time": "2026-06-22T13:29:57.977Z",
    "user": 1,
    "content_type": 8,
    "object_id": "1",
    "object_repr": "Docente D001",
    "action_flag": 1,
    "change_message": "[{\"added\": {}}]"
  }
},
{
  "model": "admin.logentry",
  "pk": 63,
  "fields": {
    "action_time": "2026-06-22T13:30:23.332Z",
    "user": 1,
    "content_type": 8,
    "object_id": "2",
    "object_repr": "Docente d002",
    "action_flag": 1,
    "change_message": "[{\"added\": {}}]"
  }
},
{
  "model": "admin.logentry",
  "pk": 64,
  "fields": {
    "action_time": "2026-06-22T13:30:53.156Z",
    "user": 1,
    "content_type": 16,
    "object_id": "8",
    "object_repr": " ",
    "action_flag": 1,
    "change_message": "[{\"added\": {}}]"
  }
},
{
  "model": "admin.logentry",
  "pk": 65,
  "fields": {
    "action_time": "2026-06-22T13:31:02.614Z",
    "user": 1,
    "content_type": 16,
    "object_id": "8",
    "object_repr": "giulia verdi",
    "action_flag": 2,
    "change_message": "[{\"changed\": {\"fields\": [\"First name\", \"Last name\"]}}]"
  }
},
{
  "model": "admin.logentry",
  "pk": 66,
  "fields": {
    "action_time": "2026-06-22T13:31:31.350Z",
    "user": 1,
    "content_type": 15,
    "object_id": "2",
    "object_repr": "Studente 123456",
    "action_flag": 1,
    "change_message": "[{\"added\": {}}]"
  }
},
{
  "model": "admin.logentry",
  "pk": 67,
  "fields": {
    "action_time": "2026-06-22T13:31:48.904Z",
    "user": 1,
    "content_type": 15,
    "object_id": "3",
    "object_repr": "Studente 234567",
    "action_flag": 1,
    "change_message": "[{\"added\": {}}]"
  }
},
{
  "model": "admin.logentry",
  "pk": 68,
  "fields": {
    "action_time": "2026-06-22T13:33:07.024Z",
    "user": 1,
    "content_type": 9,
    "object_id": "1",
    "object_repr": "Presentazione: Il nome della rosa",
    "action_flag": 1,
    "change_message": "[{\"added\": {}}]"
  }
},
{
  "model": "admin.logentry",
  "pk": 69,
  "fields": {
    "action_time": "2026-06-22T13:33:38.933Z",
    "user": 1,
    "content_type": 9,
    "object_id": "2",
    "object_repr": "Seminario sulla Divina Commedia",
    "action_flag": 1,
    "change_message": "[{\"added\": {}}]"
  }
},
{
  "model": "admin.logentry",
  "pk": 70,
  "fields": {
    "action_time": "2026-06-22T13:33:56.730Z",
    "user": 1,
    "content_type": 10,
    "object_id": "1",
    "object_repr": "giulia verdi -> Presentazione: Il nome della rosa",
    "action_flag": 1,
    "change_message": "[{\"added\": {}}]"
  }
},
{
  "model": "admin.logentry",
  "pk": 71,
  "fields": {
    "action_time": "2026-06-22T13:34:05.096Z",
    "user": 1,
    "content_type": 10,
    "object_id": "2",
    "object_repr": "Samuele De Simone -> Seminario sulla Divina Commedia",
    "action_flag": 1,
    "change_message": "[{\"added\": {}}]"
  }
},
{
  "model": "admin.logentry",
  "pk": 72,
  "fields": {
    "action_time": "2026-06-22T13:34:11.741Z",
    "user": 1,
    "content_type": 10,
    "object_id": "3",
    "object_repr": "mario rosso -> Presentazione: Il nome della rosa",
    "action_flag": 1,
    "change_message": "[{\"added\": {}}]"
  }
},
{
  "model": "admin.logentry",
  "pk": 73,
  "fields": {
    "action_time": "2026-06-22T13:34:18.547Z",
    "user": 1,
    "content_type": 10,
    "object_id": "4",
    "object_repr": "giovanni de gennaro -> Seminario sulla Divina Commedia",
    "action_flag": 1,
    "change_message": "[{\"added\": {}}]"
  }
},
{
  "model": "admin.logentry",
  "pk": 74,
  "fields": {
    "action_time": "2026-06-22T13:35:00.836Z",
    "user": 1,
    "content_type": 14,
    "object_id": "2",
    "object_repr": "Recensione di giulia verdi su I Promessi Sposi",
    "action_flag": 1,
    "change_message": "[{\"added\": {}}]"
  }
},
{
  "model": "admin.logentry",
  "pk": 75,
  "fields": {
    "action_time": "2026-06-22T13:35:19.961Z",
    "user": 1,
    "content_type": 14,
    "object_id": "3",
    "object_repr": "Recensione di giovanni de gennaro su Il nome della rosa",
    "action_flag": 1,
    "change_message": "[{\"added\": {}}]"
  }
},
{
  "model": "admin.logentry",
  "pk": 76,
  "fields": {
    "action_time": "2026-06-22T13:35:39.954Z",
    "user": 1,
    "content_type": 14,
    "object_id": "4",
    "object_repr": "Recensione di mario rossi su Se questo è un uomo",
    "action_flag": 1,
    "change_message": "[{\"added\": {}}]"
  }
},
{
  "model": "auth.permission",
  "pk": 1,
  "fields": {
    "name": "Can add log entry",
    "content_type": 1,
    "codename": "add_logentry"
  }
},
{
  "model": "auth.permission",
  "pk": 2,
  "fields": {
    "name": "Can change log entry",
    "content_type": 1,
    "codename": "change_logentry"
  }
},
{
  "model": "auth.permission",
  "pk": 3,
  "fields": {
    "name": "Can delete log entry",
    "content_type": 1,
    "codename": "delete_logentry"
  }
},
{
  "model": "auth.permission",
  "pk": 4,
  "fields": {
    "name": "Can view log entry",
    "content_type": 1,
    "codename": "view_logentry"
  }
},
{
  "model": "auth.permission",
  "pk": 5,
  "fields": {
    "name": "Can add permission",
    "content_type": 3,
    "codename": "add_permission"
  }
},
{
  "model": "auth.permission",
  "pk": 6,
  "fields": {
    "name": "Can change permission",
    "content_type": 3,
    "codename": "change_permission"
  }
},
{
  "model": "auth.permission",
  "pk": 7,
  "fields": {
    "name": "Can delete permission",
    "content_type": 3,
    "codename": "delete_permission"
  }
},
{
  "model": "auth.permission",
  "pk": 8,
  "fields": {
    "name": "Can view permission",
    "content_type": 3,
    "codename": "view_permission"
  }
},
{
  "model": "auth.permission",
  "pk": 9,
  "fields": {
    "name": "Can add group",
    "content_type": 2,
    "codename": "add_group"
  }
},
{
  "model": "auth.permission",
  "pk": 10,
  "fields": {
    "name": "Can change group",
    "content_type": 2,
    "codename": "change_group"
  }
},
{
  "model": "auth.permission",
  "pk": 11,
  "fields": {
    "name": "Can delete group",
    "content_type": 2,
    "codename": "delete_group"
  }
},
{
  "model": "auth.permission",
  "pk": 12,
  "fields": {
    "name": "Can view group",
    "content_type": 2,
    "codename": "view_group"
  }
},
{
  "model": "auth.permission",
  "pk": 13,
  "fields": {
    "name": "Can add content type",
    "content_type": 4,
    "codename": "add_contenttype"
  }
},
{
  "model": "auth.permission",
  "pk": 14,
  "fields": {
    "name": "Can change content type",
    "content_type": 4,
    "codename": "change_contenttype"
  }
},
{
  "model": "auth.permission",
  "pk": 15,
  "fields": {
    "name": "Can delete content type",
    "content_type": 4,
    "codename": "delete_contenttype"
  }
},
{
  "model": "auth.permission",
  "pk": 16,
  "fields": {
    "name": "Can view content type",
    "content_type": 4,
    "codename": "view_contenttype"
  }
},
{
  "model": "auth.permission",
  "pk": 17,
  "fields": {
    "name": "Can add session",
    "content_type": 5,
    "codename": "add_session"
  }
},
{
  "model": "auth.permission",
  "pk": 18,
  "fields": {
    "name": "Can change session",
    "content_type": 5,
    "codename": "change_session"
  }
},
{
  "model": "auth.permission",
  "pk": 19,
  "fields": {
    "name": "Can delete session",
    "content_type": 5,
    "codename": "delete_session"
  }
},
{
  "model": "auth.permission",
  "pk": 20,
  "fields": {
    "name": "Can view session",
    "content_type": 5,
    "codename": "view_session"
  }
},
{
  "model": "auth.permission",
  "pk": 21,
  "fields": {
    "name": "Can add autore",
    "content_type": 6,
    "codename": "add_autore"
  }
},
{
  "model": "auth.permission",
  "pk": 22,
  "fields": {
    "name": "Can change autore",
    "content_type": 6,
    "codename": "change_autore"
  }
},
{
  "model": "auth.permission",
  "pk": 23,
  "fields": {
    "name": "Can delete autore",
    "content_type": 6,
    "codename": "delete_autore"
  }
},
{
  "model": "auth.permission",
  "pk": 24,
  "fields": {
    "name": "Can view autore",
    "content_type": 6,
    "codename": "view_autore"
  }
},
{
  "model": "auth.permission",
  "pk": 25,
  "fields": {
    "name": "Can add evento",
    "content_type": 9,
    "codename": "add_evento"
  }
},
{
  "model": "auth.permission",
  "pk": 26,
  "fields": {
    "name": "Can change evento",
    "content_type": 9,
    "codename": "change_evento"
  }
},
{
  "model": "auth.permission",
  "pk": 27,
  "fields": {
    "name": "Can delete evento",
    "content_type": 9,
    "codename": "delete_evento"
  }
},
{
  "model": "auth.permission",
  "pk": 28,
  "fields": {
    "name": "Can view evento",
    "content_type": 9,
    "codename": "view_evento"
  }
},
{
  "model": "auth.permission",
  "pk": 29,
  "fields": {
    "name": "Can add user",
    "content_type": 16,
    "codename": "add_utente"
  }
},
{
  "model": "auth.permission",
  "pk": 30,
  "fields": {
    "name": "Can change user",
    "content_type": 16,
    "codename": "change_utente"
  }
},
{
  "model": "auth.permission",
  "pk": 31,
  "fields": {
    "name": "Can delete user",
    "content_type": 16,
    "codename": "delete_utente"
  }
},
{
  "model": "auth.permission",
  "pk": 32,
  "fields": {
    "name": "Can view user",
    "content_type": 16,
    "codename": "view_utente"
  }
},
{
  "model": "auth.permission",
  "pk": 33,
  "fields": {
    "name": "Can add docente",
    "content_type": 8,
    "codename": "add_docente"
  }
},
{
  "model": "auth.permission",
  "pk": 34,
  "fields": {
    "name": "Can change docente",
    "content_type": 8,
    "codename": "change_docente"
  }
},
{
  "model": "auth.permission",
  "pk": 35,
  "fields": {
    "name": "Can delete docente",
    "content_type": 8,
    "codename": "delete_docente"
  }
},
{
  "model": "auth.permission",
  "pk": 36,
  "fields": {
    "name": "Can view docente",
    "content_type": 8,
    "codename": "view_docente"
  }
},
{
  "model": "auth.permission",
  "pk": 37,
  "fields": {
    "name": "Can add iscrizione",
    "content_type": 10,
    "codename": "add_iscrizione"
  }
},
{
  "model": "auth.permission",
  "pk": 38,
  "fields": {
    "name": "Can change iscrizione",
    "content_type": 10,
    "codename": "change_iscrizione"
  }
},
{
  "model": "auth.permission",
  "pk": 39,
  "fields": {
    "name": "Can delete iscrizione",
    "content_type": 10,
    "codename": "delete_iscrizione"
  }
},
{
  "model": "auth.permission",
  "pk": 40,
  "fields": {
    "name": "Can view iscrizione",
    "content_type": 10,
    "codename": "view_iscrizione"
  }
},
{
  "model": "auth.permission",
  "pk": 41,
  "fields": {
    "name": "Can add libro",
    "content_type": 11,
    "codename": "add_libro"
  }
},
{
  "model": "auth.permission",
  "pk": 42,
  "fields": {
    "name": "Can change libro",
    "content_type": 11,
    "codename": "change_libro"
  }
},
{
  "model": "auth.permission",
  "pk": 43,
  "fields": {
    "name": "Can delete libro",
    "content_type": 11,
    "codename": "delete_libro"
  }
},
{
  "model": "auth.permission",
  "pk": 44,
  "fields": {
    "name": "Can view libro",
    "content_type": 11,
    "codename": "view_libro"
  }
},
{
  "model": "auth.permission",
  "pk": 45,
  "fields": {
    "name": "Can add copia",
    "content_type": 7,
    "codename": "add_copia"
  }
},
{
  "model": "auth.permission",
  "pk": 46,
  "fields": {
    "name": "Can change copia",
    "content_type": 7,
    "codename": "change_copia"
  }
},
{
  "model": "auth.permission",
  "pk": 47,
  "fields": {
    "name": "Can delete copia",
    "content_type": 7,
    "codename": "delete_copia"
  }
},
{
  "model": "auth.permission",
  "pk": 48,
  "fields": {
    "name": "Can view copia",
    "content_type": 7,
    "codename": "view_copia"
  }
},
{
  "model": "auth.permission",
  "pk": 49,
  "fields": {
    "name": "Can add personale",
    "content_type": 12,
    "codename": "add_personale"
  }
},
{
  "model": "auth.permission",
  "pk": 50,
  "fields": {
    "name": "Can change personale",
    "content_type": 12,
    "codename": "change_personale"
  }
},
{
  "model": "auth.permission",
  "pk": 51,
  "fields": {
    "name": "Can delete personale",
    "content_type": 12,
    "codename": "delete_personale"
  }
},
{
  "model": "auth.permission",
  "pk": 52,
  "fields": {
    "name": "Can view personale",
    "content_type": 12,
    "codename": "view_personale"
  }
},
{
  "model": "auth.permission",
  "pk": 53,
  "fields": {
    "name": "Can add prestito",
    "content_type": 13,
    "codename": "add_prestito"
  }
},
{
  "model": "auth.permission",
  "pk": 54,
  "fields": {
    "name": "Can change prestito",
    "content_type": 13,
    "codename": "change_prestito"
  }
},
{
  "model": "auth.permission",
  "pk": 55,
  "fields": {
    "name": "Can delete prestito",
    "content_type": 13,
    "codename": "delete_prestito"
  }
},
{
  "model": "auth.permission",
  "pk": 56,
  "fields": {
    "name": "Can view prestito",
    "content_type": 13,
    "codename": "view_prestito"
  }
},
{
  "model": "auth.permission",
  "pk": 57,
  "fields": {
    "name": "Can add recensione",
    "content_type": 14,
    "codename": "add_recensione"
  }
},
{
  "model": "auth.permission",
  "pk": 58,
  "fields": {
    "name": "Can change recensione",
    "content_type": 14,
    "codename": "change_recensione"
  }
},
{
  "model": "auth.permission",
  "pk": 59,
  "fields": {
    "name": "Can delete recensione",
    "content_type": 14,
    "codename": "delete_recensione"
  }
},
{
  "model": "auth.permission",
  "pk": 60,
  "fields": {
    "name": "Can view recensione",
    "content_type": 14,
    "codename": "view_recensione"
  }
},
{
  "model": "auth.permission",
  "pk": 61,
  "fields": {
    "name": "Can add studente",
    "content_type": 15,
    "codename": "add_studente"
  }
},
{
  "model": "auth.permission",
  "pk": 62,
  "fields": {
    "name": "Can change studente",
    "content_type": 15,
    "codename": "change_studente"
  }
},
{
  "model": "auth.permission",
  "pk": 63,
  "fields": {
    "name": "Can delete studente",
    "content_type": 15,
    "codename": "delete_studente"
  }
},
{
  "model": "auth.permission",
  "pk": 64,
  "fields": {
    "name": "Can view studente",
    "content_type": 15,
    "codename": "view_studente"
  }
},
{
  "model": "contenttypes.contenttype",
  "pk": 1,
  "fields": {
    "app_label": "admin",
    "model": "logentry"
  }
},
{
  "model": "contenttypes.contenttype",
  "pk": 2,
  "fields": {
    "app_label": "auth",
    "model": "group"
  }
},
{
  "model": "contenttypes.contenttype",
  "pk": 3,
  "fields": {
    "app_label": "auth",
    "model": "permission"
  }
},
{
  "model": "contenttypes.contenttype",
  "pk": 4,
  "fields": {
    "app_label": "contenttypes",
    "model": "contenttype"
  }
},
{
  "model": "contenttypes.contenttype",
  "pk": 5,
  "fields": {
    "app_label": "sessions",
    "model": "session"
  }
},
{
  "model": "contenttypes.contenttype",
  "pk": 6,
  "fields": {
    "app_label": "catalogo",
    "model": "autore"
  }
},
{
  "model": "contenttypes.contenttype",
  "pk": 7,
  "fields": {
    "app_label": "catalogo",
    "model": "copia"
  }
},
{
  "model": "contenttypes.contenttype",
  "pk": 8,
  "fields": {
    "app_label": "catalogo",
    "model": "docente"
  }
},
{
  "model": "contenttypes.contenttype",
  "pk": 9,
  "fields": {
    "app_label": "catalogo",
    "model": "evento"
  }
},
{
  "model": "contenttypes.contenttype",
  "pk": 10,
  "fields": {
    "app_label": "catalogo",
    "model": "iscrizione"
  }
},
{
  "model": "contenttypes.contenttype",
  "pk": 11,
  "fields": {
    "app_label": "catalogo",
    "model": "libro"
  }
},
{
  "model": "contenttypes.contenttype",
  "pk": 12,
  "fields": {
    "app_label": "catalogo",
    "model": "personale"
  }
},
{
  "model": "contenttypes.contenttype",
  "pk": 13,
  "fields": {
    "app_label": "catalogo",
    "model": "prestito"
  }
},
{
  "model": "contenttypes.contenttype",
  "pk": 14,
  "fields": {
    "app_label": "catalogo",
    "model": "recensione"
  }
},
{
  "model": "contenttypes.contenttype",
  "pk": 15,
  "fields": {
    "app_label": "catalogo",
    "model": "studente"
  }
},
{
  "model": "contenttypes.contenttype",
  "pk": 16,
  "fields": {
    "app_label": "catalogo",
    "model": "utente"
  }
},
{
  "model": "sessions.session",
  "pk": "pyiefc7seateznihwttxy4ww3s2q8ynb",
  "fields": {
    "session_data": ".eJxVjLEOAiEQRP-F2hAQFsHS3m8guwsnpwaS464y_ruSXKHNFPPezEtE3NYSt56XOCdxFlocfjtCfuQ6QLpjvTXJra7LTHIocqddXlvKz8vu_h0U7OW79oEmVBbAKw7GgEM27kTEzEEbBO05uGPyzhut0RJAmFiPSNYTKfH-ANR7N6k:1wbf0o:68iwcJTSsHEuTsnNyehwA9X7JONTV8Jbw5KK9CSaIoM",
    "expire_date": "2026-07-06T13:48:30.971Z"
  }
},
{
  "model": "catalogo.utente",
  "pk": 1,
  "fields": {
    "password": "pbkdf2_sha256$1200000$n2fb22qLca2QoFfCzk74Yn$llQFNJriGcCbPaFJOUUm+qUWlUPDYL4rP4SZMy1pfQk=",
    "last_login": "2026-06-22T13:48:30.965Z",
    "is_superuser": true,
    "username": "samuele",
    "first_name": "Samuele",
    "last_name": "De Simone",
    "email": "",
    "is_staff": true,
    "is_active": true,
    "date_joined": "2026-06-19T13:30:48Z",
    "tipo_utente": "",
    "groups": [],
    "user_permissions": []
  }
},
{
  "model": "catalogo.utente",
  "pk": 2,
  "fields": {
    "password": "pbkdf2_sha256$1200000$dBBEW51UiBwnGOPkiYOybj$8MCXiyUPewEUhkuueygGJ4KGTidIzrvFtpro+ixlov4=",
    "last_login": "2026-06-19T14:18:24.156Z",
    "is_superuser": false,
    "username": "samuele_ds",
    "first_name": "Samuele",
    "last_name": "De Simone",
    "email": "samueledesimone416@gmail.com",
    "is_staff": false,
    "is_active": true,
    "date_joined": "2026-06-19T14:18:23.659Z",
    "tipo_utente": "studente",
    "groups": [],
    "user_permissions": []
  }
},
{
  "model": "catalogo.utente",
  "pk": 3,
  "fields": {
    "password": "!dqp41KGnzCBp74VYySKpxjZ1lxihWrWl76rwHbkz",
    "last_login": null,
    "is_superuser": false,
    "username": "mario.rossi",
    "first_name": "mario",
    "last_name": "rossi",
    "email": "",
    "is_staff": false,
    "is_active": true,
    "date_joined": "2026-06-22T13:15:41Z",
    "tipo_utente": "",
    "groups": [],
    "user_permissions": []
  }
},
{
  "model": "catalogo.utente",
  "pk": 4,
  "fields": {
    "password": "!IYkjrgYbzeS0JWRcMWz5SY4q7L2Fot448vESTDcZ",
    "last_login": null,
    "is_superuser": false,
    "username": "giovanni.digennaro",
    "first_name": "giovanni",
    "last_name": "de gennaro",
    "email": "",
    "is_staff": false,
    "is_active": true,
    "date_joined": "2026-06-22T13:16:53Z",
    "tipo_utente": "",
    "groups": [],
    "user_permissions": []
  }
},
{
  "model": "catalogo.utente",
  "pk": 5,
  "fields": {
    "password": "pbkdf2_sha256$1200000$GsieMVnFn70kvSRrdKk1CR$ld8SEMrqGZk1PIAiGAzv7CvpSBsa+oxnyusVYO0EqrM=",
    "last_login": null,
    "is_superuser": false,
    "username": "mario.rosso",
    "first_name": "mario",
    "last_name": "rosso",
    "email": "mariorosso@gmail.com",
    "is_staff": false,
    "is_active": true,
    "date_joined": "2026-06-22T13:23:50Z",
    "tipo_utente": "",
    "groups": [],
    "user_permissions": []
  }
},
{
  "model": "catalogo.utente",
  "pk": 6,
  "fields": {
    "password": "!2wtMW8e8rCVdDXi8XeFcJ5OZkeYrDgC2KzijnCAY",
    "last_login": null,
    "is_superuser": false,
    "username": "prof.bianchi",
    "first_name": "giuseppe",
    "last_name": "bianchi",
    "email": "giuseppebianchi@gmail.com",
    "is_staff": true,
    "is_active": true,
    "date_joined": "2026-06-22T13:28:00Z",
    "tipo_utente": "",
    "groups": [],
    "user_permissions": []
  }
},
{
  "model": "catalogo.utente",
  "pk": 7,
  "fields": {
    "password": "!QjnsbloCkr0s2QnQEWFfNcMDq6H3wZZc9Yptc2rl",
    "last_login": null,
    "is_superuser": false,
    "username": "prof.granata",
    "first_name": "daniele",
    "last_name": "granata",
    "email": "danielegranata@gmail.com",
    "is_staff": true,
    "is_active": true,
    "date_joined": "2026-06-22T13:28:41Z",
    "tipo_utente": "",
    "groups": [],
    "user_permissions": []
  }
},
{
  "model": "catalogo.utente",
  "pk": 8,
  "fields": {
    "password": "!yfLUCc8QHqmVlpyhQeeGHW4TifglkmN9anwp4Hjx",
    "last_login": null,
    "is_superuser": false,
    "username": "giulia.verdi",
    "first_name": "giulia",
    "last_name": "verdi",
    "email": "",
    "is_staff": false,
    "is_active": true,
    "date_joined": "2026-06-22T13:30:53Z",
    "tipo_utente": "",
    "groups": [],
    "user_permissions": []
  }
},
{
  "model": "catalogo.studente",
  "pk": 1,
  "fields": {
    "utente": 2,
    "matricola": "0334000196",
    "corso_laurea": "ingegneria per la cybersecurity",
    "anno_iscrizione": 2024
  }
},
{
  "model": "catalogo.studente",
  "pk": 2,
  "fields": {
    "utente": 8,
    "matricola": "123456",
    "corso_laurea": "ingegneria per la cybersecurity",
    "anno_iscrizione": 2024
  }
},
{
  "model": "catalogo.studente",
  "pk": 3,
  "fields": {
    "utente": 3,
    "matricola": "234567",
    "corso_laurea": "lingue",
    "anno_iscrizione": 2023
  }
},
{
  "model": "catalogo.docente",
  "pk": 1,
  "fields": {
    "utente": 7,
    "codice_docente": "D001",
    "dipartimento": "lettere",
    "ambito_ricerca": "letteratura italiana"
  }
},
{
  "model": "catalogo.docente",
  "pk": 2,
  "fields": {
    "utente": 6,
    "codice_docente": "d002",
    "dipartimento": "lingue",
    "ambito_ricerca": "lingue straniere"
  }
},
{
  "model": "catalogo.autore",
  "pk": 3,
  "fields": {
    "nome": "alessandro",
    "cognome": "manzoni",
    "biografia": "Scrittore e poeta italiano, considerato il padre della narrativa moderna italiana. Nato a Milano nel 1785, è celebre soprattutto per il romanzo storico I Promessi Sposi."
  }
},
{
  "model": "catalogo.autore",
  "pk": 4,
  "fields": {
    "nome": "Dante",
    "cognome": "Alighieri",
    "biografia": "Poeta fiorentino del XIII secolo, considerato il padre della lingua italiana. La sua opera più celebre, la Divina Commedia, è uno dei capolavori assoluti della letteratura mondiale."
  }
},
{
  "model": "catalogo.autore",
  "pk": 5,
  "fields": {
    "nome": "Umberto",
    "cognome": "eco",
    "biografia": "Semiologo, filosofo e scrittore italiano nato ad Alessandria nel 1932. Docente universitario di fama internazionale, esordì nella narrativa con Il nome della rosa nel 1980."
  }
},
{
  "model": "catalogo.autore",
  "pk": 6,
  "fields": {
    "nome": "Italo",
    "cognome": "calvino",
    "biografia": "Scrittore e giornalista italiano nato a Santiago de Las Vegas nel 1923. Tra i maggiori narratori del Novecento, ha spaziato dal neorealismo alla letteratura fantastica e combinatoria."
  }
},
{
  "model": "catalogo.autore",
  "pk": 7,
  "fields": {
    "nome": "Luigi",
    "cognome": "Pirandello",
    "biografia": "Drammaturgo e narratore siciliano, premio Nobel per la letteratura nel 1934. La sua opera esplora i temi dell'identità, della follia e del contrasto tra apparenza e realtà."
  }
},
{
  "model": "catalogo.autore",
  "pk": 8,
  "fields": {
    "nome": "Giovanni",
    "cognome": "Verga",
    "biografia": "Scrittore siciliano nato a Catania nel 1840, principale esponente del Verismo italiano. Le sue opere ritraggono con crudo realismo la vita dei ceti popolari della Sicilia dell'Ottocento."
  }
},
{
  "model": "catalogo.autore",
  "pk": 9,
  "fields": {
    "nome": "Primo",
    "cognome": "Levi",
    "biografia": "Chimico e scrittore italiano nato a Torino nel 1919. Sopravvissuto al campo di concentramento di Auschwitz, ha dedicato la sua produzione letteraria alla testimonianza della Shoah."
  }
},
{
  "model": "catalogo.autore",
  "pk": 10,
  "fields": {
    "nome": "Giacomo",
    "cognome": "Leopardi",
    "biografia": "Poeta, filosofo e filologo italiano nato a Recanati nel 1798. Considerato il maggior poeta italiano dell'Ottocento, la sua opera è caratterizzata da un profondo pessimismo esistenziale."
  }
},
{
  "model": "catalogo.autore",
  "pk": 11,
  "fields": {
    "nome": "Elsa",
    "cognome": "morante",
    "biografia": "Scrittrice romana nata nel 1912, tra le voci più importanti della narrativa italiana del Novecento. Il suo romanzo La storia è considerato un capolavoro della letteratura italiana."
  }
},
{
  "model": "catalogo.autore",
  "pk": 12,
  "fields": {
    "nome": "Alberto",
    "cognome": "Moravia",
    "biografia": "Scrittore romano nato nel 1907, uno dei più importanti narratori italiani del Novecento. La sua opera esplora temi come la sessualità, la borghesia e l'alienazione moderna."
  }
},
{
  "model": "catalogo.libro",
  "pk": 2,
  "fields": {
    "titolo": "I Promessi Sposi",
    "isbn": "978-88-454-0404-6",
    "anno_pubblicazione": 1827,
    "categoria": "Narrativa",
    "autori": [
      3
    ]
  }
},
{
  "model": "catalogo.libro",
  "pk": 3,
  "fields": {
    "titolo": "La Divina Commedia",
    "isbn": "978-88-452-6022-2",
    "anno_pubblicazione": 1321,
    "categoria": "Poesia",
    "autori": [
      4
    ]
  }
},
{
  "model": "catalogo.libro",
  "pk": 4,
  "fields": {
    "titolo": "Il nome della rosa",
    "isbn": "978-88-452-9221-7",
    "anno_pubblicazione": 1980,
    "categoria": "narrativa",
    "autori": [
      5
    ]
  }
},
{
  "model": "catalogo.libro",
  "pk": 5,
  "fields": {
    "titolo": "Le cosmicomiche",
    "isbn": "978-88-586-0001-3",
    "anno_pubblicazione": 1965,
    "categoria": "Fantascienza",
    "autori": [
      6
    ]
  }
},
{
  "model": "catalogo.libro",
  "pk": 6,
  "fields": {
    "titolo": "Il fu Mattia Pascal",
    "isbn": "978-88-452-3891-7",
    "anno_pubblicazione": 1904,
    "categoria": "Narrativa",
    "autori": [
      7
    ]
  }
},
{
  "model": "catalogo.libro",
  "pk": 7,
  "fields": {
    "titolo": "I Malavoglia",
    "isbn": "978-88-452-2647-1",
    "anno_pubblicazione": 1881,
    "categoria": "Narrativa",
    "autori": [
      8
    ]
  }
},
{
  "model": "catalogo.libro",
  "pk": 8,
  "fields": {
    "titolo": "Se questo è un uomo",
    "isbn": "978-88-062-1045-5",
    "anno_pubblicazione": 1947,
    "categoria": "Saggistica",
    "autori": [
      9
    ]
  }
},
{
  "model": "catalogo.libro",
  "pk": 9,
  "fields": {
    "titolo": "Canti",
    "isbn": "978-88-452-7037-5",
    "anno_pubblicazione": 1835,
    "categoria": "Poesia",
    "autori": [
      10
    ]
  }
},
{
  "model": "catalogo.libro",
  "pk": 10,
  "fields": {
    "titolo": "La storia",
    "isbn": "978-88-061-8002-2",
    "anno_pubblicazione": 1974,
    "categoria": "narrativa",
    "autori": [
      11
    ]
  }
},
{
  "model": "catalogo.libro",
  "pk": 11,
  "fields": {
    "titolo": "Gli indifferenti",
    "isbn": "978-88-452-1001-2",
    "anno_pubblicazione": 1929,
    "categoria": "Narrativa",
    "autori": [
      12
    ]
  }
},
{
  "model": "catalogo.copia",
  "pk": 2,
  "fields": {
    "libro": 2,
    "numero_inventario": "COP001",
    "stato": "disponibile"
  }
},
{
  "model": "catalogo.copia",
  "pk": 3,
  "fields": {
    "libro": 2,
    "numero_inventario": "COP002",
    "stato": "disponibile"
  }
},
{
  "model": "catalogo.copia",
  "pk": 4,
  "fields": {
    "libro": 3,
    "numero_inventario": "COP0010",
    "stato": "disponibile"
  }
},
{
  "model": "catalogo.copia",
  "pk": 5,
  "fields": {
    "libro": 4,
    "numero_inventario": "COP0015",
    "stato": "disponibile"
  }
},
{
  "model": "catalogo.copia",
  "pk": 6,
  "fields": {
    "libro": 5,
    "numero_inventario": "COP0017",
    "stato": "disponibile"
  }
},
{
  "model": "catalogo.copia",
  "pk": 7,
  "fields": {
    "libro": 6,
    "numero_inventario": "COP003",
    "stato": "disponibile"
  }
},
{
  "model": "catalogo.copia",
  "pk": 8,
  "fields": {
    "libro": 7,
    "numero_inventario": "COP0013",
    "stato": "disponibile"
  }
},
{
  "model": "catalogo.copia",
  "pk": 9,
  "fields": {
    "libro": 8,
    "numero_inventario": "COP0019",
    "stato": "disponibile"
  }
},
{
  "model": "catalogo.copia",
  "pk": 10,
  "fields": {
    "libro": 9,
    "numero_inventario": "COP0020",
    "stato": "disponibile"
  }
},
{
  "model": "catalogo.copia",
  "pk": 11,
  "fields": {
    "libro": 10,
    "numero_inventario": "COP005",
    "stato": "disponibile"
  }
},
{
  "model": "catalogo.copia",
  "pk": 12,
  "fields": {
    "libro": 11,
    "numero_inventario": "COP0018",
    "stato": "disponibile"
  }
},
{
  "model": "catalogo.copia",
  "pk": 13,
  "fields": {
    "libro": 3,
    "numero_inventario": "COP0030",
    "stato": "prestata"
  }
},
{
  "model": "catalogo.copia",
  "pk": 14,
  "fields": {
    "libro": 6,
    "numero_inventario": "COP0040",
    "stato": "non_accessibile"
  }
},
{
  "model": "catalogo.copia",
  "pk": 15,
  "fields": {
    "libro": 9,
    "numero_inventario": "COP0031",
    "stato": "prestata"
  }
},
{
  "model": "catalogo.copia",
  "pk": 16,
  "fields": {
    "libro": 10,
    "numero_inventario": "COP009",
    "stato": "prestata"
  }
},
{
  "model": "catalogo.prestito",
  "pk": 2,
  "fields": {
    "utente": 3,
    "copia": 7,
    "data_richiesta": "2026-06-22",
    "data_restituzione_prevista": "2026-06-30",
    "data_restituzione_effettiva": "2026-07-16"
  }
},
{
  "model": "catalogo.prestito",
  "pk": 3,
  "fields": {
    "utente": 1,
    "copia": 15,
    "data_richiesta": "2026-06-22",
    "data_restituzione_prevista": "2026-06-23",
    "data_restituzione_effettiva": "2026-07-01"
  }
},
{
  "model": "catalogo.prestito",
  "pk": 4,
  "fields": {
    "utente": 1,
    "copia": 6,
    "data_richiesta": "2026-06-22",
    "data_restituzione_prevista": "2026-07-22",
    "data_restituzione_effettiva": "2026-06-22"
  }
},
{
  "model": "catalogo.recensione",
  "pk": 2,
  "fields": {
    "utente": 8,
    "libro": 2,
    "voto": 5,
    "commento": "Un capolavoro della letteratura italiana, lettura imprescindibile per chiunque voglia capire le radici della nostra cultura.",
    "data": "2026-06-22"
  }
},
{
  "model": "catalogo.recensione",
  "pk": 3,
  "fields": {
    "utente": 4,
    "libro": 4,
    "voto": 4,
    "commento": "Romanzo coinvolgente e ricco di riferimenti storici e filosofici. La trama gialla si intreccia magistralmente con la cultura medievale.",
    "data": "2026-06-22"
  }
},
{
  "model": "catalogo.recensione",
  "pk": 4,
  "fields": {
    "utente": 3,
    "libro": 8,
    "voto": 5,
    "commento": "Una testimonianza straziante e necessaria. Primo Levi riesce a raccontare l'orrore con una lucidità disarmante",
    "data": "2026-06-22"
  }
},
{
  "model": "catalogo.evento",
  "pk": 1,
  "fields": {
    "titolo": "Presentazione: Il nome della rosa",
    "descrizione": "Incontro dedicato al celebre romanzo di Umberto Eco. Interverranno docenti del dipartimento di Lettere per analizzare i temi principali dell'opera.",
    "data": "2026-06-23T18:00:00Z",
    "luogo": "auditorium"
  }
},
{
  "model": "catalogo.evento",
  "pk": 2,
  "fields": {
    "titolo": "Seminario sulla Divina Commedia",
    "descrizione": "Seminario tematico sulla poetica dantesca e l'influenza della Divina Commedia nella letteratura moderna. Aperto a tutti gli studenti",
    "data": "2026-09-24T12:00:00Z",
    "luogo": "sala conferenze"
  }
},
{
  "model": "catalogo.iscrizione",
  "pk": 1,
  "fields": {
    "utente": 8,
    "evento": 1,
    "presente": true
  }
},
{
  "model": "catalogo.iscrizione",
  "pk": 2,
  "fields": {
    "utente": 1,
    "evento": 2,
    "presente": true
  }
},
{
  "model": "catalogo.iscrizione",
  "pk": 3,
  "fields": {
    "utente": 5,
    "evento": 1,
    "presente": true
  }
},
{
  "model": "catalogo.iscrizione",
  "pk": 4,
  "fields": {
    "utente": 4,
    "evento": 2,
    "presente": false
  }
},
{
  "model": "catalogo.iscrizione",
  "pk": 5,
  "fields": {
    "utente": 1,
    "evento": 1,
    "presente": false
  }
},
{
  "model": "catalogo.personale",
  "pk": 1,
  "fields": {
    "nome": "raffaele",
    "ruolo": "di fiore",
    "responsabile": 2
  }
},
{
  "model": "catalogo.personale",
  "pk": 2,
  "fields": {
    "nome": "giovanni",
    "ruolo": "carducci",
    "responsabile": null
  }
}
]
